file,highest_rate,attempted_rate,avg_data
flying_3.txt,296.600000,300,59827.000000
flying_2.txt,245.800000,248,62049.000000
flying_1.txt,306.200000,308,59751.000000
