file,highest_rate,attempted_rate,avg_data
synckit_1.txt,289.400000,291,62179.000000
synckit_3.txt,306.400000,311,59298.000000
synckit_2.txt,275.700000,278,59772.000000
