file,highest_rate,attempted_rate,avg_data
synckit_1.txt,272.100000,274,62179.000000
synckit_3.txt,282.300000,285,59298.000000
synckit_2.txt,305.700000,310,59772.000000
