file,highest_rate,attempted_rate,avg_data
flying_3.txt,316.100000,319,59827.000000
flying_2.txt,309.100000,311,62049.000000
flying_1.txt,315.800000,319,59751.000000
