file,highest_rate,attempted_rate,avg_data
synckit_1.txt,0.000000,40,0.000000
flying_3.txt,0.000000,40,0.000000
flying_2.txt,0.000000,40,0.000000
traditional_3.txt,163.100000,165,146354.000000
traditional_1.txt,156.500000,158,148593.000000
flying_1.txt,0.000000,40,0.000000
synckit_3.txt,0.000000,40,0.000000
